{"cameraMode":{"drawMode":0,"name":"Shaded","section":"Shading Mode"},"sceneLighting":true,"audioPlay":false,"sceneViewState":{"m_AlwaysRefresh":false,"showFog":true,"showSkybox":true,"showFlares":true,"showImageEffects":true,"showParticleSystems":true,"showVisualEffectGraphs":true,"m_FxEnabled":false},"in2DMode":false,"pivot":{"x":530.37353515625,"y":461.0101318359375,"z":-335.2912902832031},"rotation":{"x":-0.05038626119494438,"y":-0.008691706694662571,"z":0.0004381509206723422,"w":-0.9986932873725891},"size":103.07764434814453,"orthographic":false}